Login;Password;CPM;Protein;Fats;Carbs;Total_cpm;Total_carbs;Total_pal;Total_fats
Dominik;dolechny123;3137.9215000000004;108.0;87.16448611111112;392.2401875000001;1756.0;67.0;22.599999999999998;156.4
Dominik2;12345;0.0;0.0;0.0;0.0;0.0;0.0;0.0;0.0
